{
    "inputNodes": 5,
    "hiddenNodes": 50,
    "outputNodes": 5,
    "learningRate": 0.2,
    "weightsInputToHidden": [
        [
            -1.9364042387884655,
            -2.0813215944171652,
            -2.0121996715702126,
            -2.217842326639205,
            -2.338202032659595
        ],
        [
            -0.7950362230306885,
            -0.7915306523056267,
            -0.9682798927992293,
            -1.0140927557196473,
            -1.2755489211224083
        ],
        [
            -2.287281109127559,
            -2.1911100465113185,
            -2.1378746423912096,
            -2.462019629611512,
            -2.494005992372389
        ],
        [
            -1.5781879704592447,
            -1.7503984305172906,
            -1.5186727438946537,
            -1.6563711422674832,
            -1.990382361053334
        ],
        [
            -2.3466350158331126,
            -2.4588906691850303,
            -2.4293372198203076,
            -2.3331387497681497,
            -2.4836008392620745
        ],
        [
            -2.5226659533584983,
            -2.722844062989643,
            -2.627746434015701,
            -2.612260802957586,
            -3.1290900712521137
        ],
        [
            -3.0064113666680834,
            -2.9868902377045847,
            -2.805159976872041,
            -2.7618661487188,
            -3.0365077200390966
        ],
        [
            -2.6465458014415972,
            -2.498065761928493,
            -2.4150402918228666,
            -2.5204313334110156,
            -2.8019005886425012
        ],
        [
            -1.9684010299939845,
            -1.9643516026848256,
            -2.007546236888736,
            -2.2189757902748126,
            -2.3825765302270794
        ],
        [
            -2.2044705755051552,
            -1.8855854106448378,
            -2.0331115246932847,
            -2.213318455117123,
            -2.53673960909622
        ],
        [
            -1.5681246456638365,
            -1.5030203560870952,
            -1.518039299501513,
            -1.5658078494121772,
            -1.955551888048636
        ],
        [
            -0.9427981728058634,
            -0.9380658455867081,
            -1.0699275018716878,
            -1.091958427791331,
            -1.4246815739932641
        ],
        [
            -1.9545749640663992,
            -1.8130762070024213,
            -2.059275877035649,
            -2.0292318374022895,
            -2.3079731881317733
        ],
        [
            -1.2742181369751118,
            -1.2013805779582751,
            -1.6704346043370166,
            -1.2049480618598458,
            -1.9260504141532182
        ],
        [
            -1.8882187532182386,
            -1.859737935638123,
            -1.9871102565887364,
            -2.07538689998486,
            -2.092147604531985
        ],
        [
            -1.5474759301108338,
            -1.496067204346815,
            -1.1913841254305058,
            -1.632542663202603,
            -1.5518898118471567
        ],
        [
            -1.3757382849447624,
            -1.5981067241968863,
            -1.4687187231466534,
            -1.733804926997765,
            -1.9501514010507188
        ],
        [
            -3.016086901473026,
            -2.7998611567911365,
            -2.7646123047648445,
            -2.9304818300069364,
            -3.043001310807685
        ],
        [
            -2.063518338077102,
            -2.1429522464841835,
            -2.325559262575793,
            -2.2563313241562493,
            -2.3548262245764953
        ],
        [
            -2.587469616560498,
            -2.6464681078423142,
            -2.544693899147358,
            -2.5549797440167694,
            -2.895262717883099
        ],
        [
            -1.8835487136296494,
            -1.7345421514528088,
            -1.800557108467315,
            -1.8549276041803913,
            -2.3239351851698036
        ],
        [
            -2.1477218659578328,
            -2.5253351748625628,
            -2.46112570784244,
            -2.273054768303703,
            -2.7233547286469455
        ],
        [
            -3.029083860334468,
            -2.8703147007879593,
            -2.6849596741639616,
            -3.0018796126748892,
            -3.141712298775269
        ],
        [
            -1.7222075870504328,
            -1.5882289980952453,
            -1.635378660997037,
            -1.5953562173239588,
            -1.9043716118531018
        ],
        [
            -1.9247358303295468,
            -2.164599114997253,
            -1.6743308184682775,
            -2.2895962328909785,
            -2.2693726512273007
        ],
        [
            -0.23014174983290914,
            -0.48798148734646835,
            -0.6084026498860455,
            -0.8558975758927261,
            -0.941466332475557
        ],
        [
            -1.9177869578909348,
            -1.9306627539456327,
            -1.7629008794547947,
            -2.0270057448281777,
            -1.9908606027895266
        ],
        [
            -1.826410522473668,
            -1.5589984629686033,
            -1.7130439812523661,
            -1.7382469439667743,
            -2.0663927517494525
        ],
        [
            -2.082649828787608,
            -2.253857140871921,
            -2.1988597592945056,
            -2.1054996708885696,
            -2.4409517887328622
        ],
        [
            0.349684332215049,
            0.03588116817227328,
            0.03715090107271562,
            0.01185817215063887,
            -0.08602725739644948
        ],
        [
            -2.375141536731824,
            -2.4771115471160012,
            -2.2096168853996994,
            -2.0022643843725656,
            -2.3316092513010758
        ],
        [
            -2.1913982857170757,
            -1.8953238569659432,
            -2.3340411389596007,
            -2.300556914302402,
            -2.2828276208344715
        ],
        [
            -0.26493863053727845,
            -0.09610345043401594,
            -0.40720648512462937,
            -0.39499413761598123,
            -0.5749456160087679
        ],
        [
            -2.5801314823823023,
            -2.5292450623291973,
            -2.5746042800439493,
            -2.598487985444979,
            -2.850442884304978
        ],
        [
            -2.1114181173117066,
            -2.1650355301688498,
            -1.8393231839035478,
            -2.074924144450692,
            -2.305128749780273
        ],
        [
            -2.124681795309858,
            -1.833123449261028,
            -1.902188445045429,
            -2.1455284070105995,
            -2.2325583724631373
        ],
        [
            -0.5008372149714041,
            -0.7729986472002918,
            -0.8231476361246088,
            -0.7588339379014595,
            -1.0395181310808956
        ],
        [
            -2.478273520230472,
            -2.235654151243087,
            -2.3563984274164906,
            -2.4361416336783477,
            -2.524537467384858
        ],
        [
            -1.016350280011441,
            -1.1204390298835663,
            -1.1252596483764423,
            -1.0836166611763471,
            -1.218851482185901
        ],
        [
            -1.2582566144153409,
            -1.1400337045512217,
            -1.3528135871175107,
            -1.5373477041755377,
            -1.6647237974641425
        ],
        [
            -2.3224793422975236,
            -2.110788161768538,
            -2.068313161547387,
            -2.191764597415731,
            -2.391504866397799
        ],
        [
            -1.8981576600954897,
            -2.033518345689286,
            -1.879703819258852,
            -2.1188948594925687,
            -2.358511730811229
        ],
        [
            -2.126822785692485,
            -2.4232515987453436,
            -2.1990491576092976,
            -2.5425608357685214,
